n_neighbors,n_components,min_dist,min_cluster_size,min_samples,silhouette,calinski_harabasz,davies_bouldin,n_clusters,noise_ratio,sil_norm,ch_norm,db_norm,db_inv_norm,combined_score
5,2,0.0,10,5,0.5776811242103577,5060.25830078125,0.4985608747981547,59,0.1835,0.9291945771370659,0.738331243663434,0.06603655182514152,0.9339634481748584,0.8671630896584528
5,2,0.0,10,10,0.6010876297950745,5778.56689453125,0.47515266005007756,41,0.2585,0.9760784665457148,0.8482974404216087,0.0366429505363272,0.9633570494636728,0.9292443188103321
5,2,0.0,10,20,0.4445728063583374,2224.8466796875,0.5346839837716365,17,0.203,0.6625748704508949,0.304256759620536,0.11139619474990303,0.888603805250097,0.6184784784405093
5,2,0.0,20,5,0.2148813158273697,497.1952209472656,0.700839947231775,21,0.0815,0.20249635077672754,0.039769794137427546,0.3200375710473971,0.679962428952603,0.3074095246222527
5,2,0.0,20,10,0.3948264420032501,1803.8720703125,0.6127843840877876,22,0.132,0.5629315026502293,0.23980956084340588,0.20946655389928276,0.7905334461007172,0.5310915031981174
5,2,0.0,20,20,0.4445728063583374,2224.8466796875,0.5346839837716365,17,0.203,0.6625748704508949,0.304256759620536,0.11139619474990303,0.888603805250097,0.6184784784405093
5,2,0.0,40,5,0.11378620564937592,982.5277099609375,0.8905049529300532,11,0.0385,0.0,0.11406957064627872,0.5581991573082133,0.44180084269178665,0.18529013777935513
5,2,0.0,40,10,0.2039295881986618,952.6273193359375,0.838366576509172,10,0.1325,0.18055973212514856,0.10949210593650886,0.4927292073417219,0.5072707926582781,0.2657742102399785
5,2,0.0,40,20,0.5383120775222778,3574.7529296875,0.6293734340126362,6,0.0975,0.8503372686692412,0.5109145353790345,0.23029735729454348,0.7697026427054565,0.7103181489179107
5,2,0.1,10,5,0.5230332612991333,3745.93701171875,0.554680440364382,49,0.2485,0.819733369787013,0.5371211861281799,0.13650566501928896,0.863494334980711,0.7401162969653012
5,2,0.1,10,10,0.5697914958000183,3976.899169921875,0.48237700509576736,39,0.3475,0.9133914293956444,0.572479290365893,0.04571453160866295,0.9542854683913371,0.8133853960509582
5,2,0.1,10,20,0.43267151713371277,1881.8050537109375,0.5839487580192184,15,0.2485,0.6387362531994596,0.2517403575245421,0.17325777400322143,0.8267422259967786,0.5724062789069266
5,2,0.1,20,5,0.42999622225761414,2852.747314453125,0.6159430952285391,22,0.205,0.6333775622725905,0.40038235988204557,0.21343293479833925,0.7865670652016608,0.6067756624520989
5,2,0.1,20,10,0.41876378655433655,1843.786865234375,0.6288492191296227,16,0.208,0.6108786774477629,0.24592013536545976,0.2296391027703607,0.7703608972296393,0.5423865700142874
5,2,0.1,20,20,0.4169272184371948,2148.3671875,0.5966003189420045,10,0.162,0.607199979823127,0.29254847858501354,0.18914428826531676,0.8108557117346833,0.570201390047608
5,2,0.1,40,5,0.3767167031764984,2301.159912109375,0.6954606427916112,11,0.161,0.5266571861231467,0.3159395878711986,0.31328280005665715,0.6867171999433428,0.5097713246458959
5,2,0.1,40,10,0.3955228626728058,2167.44189453125,0.6422316656471647,11,0.1925,0.5643264528505131,0.2954686343575519,0.24644338713971123,0.7535566128602887,0.5377839000227845
5,2,0.1,40,20,0.48649877309799194,2953.739501953125,0.5942737772242879,7,0.114,0.7465537617406791,0.4158433008457127,0.18622285917008968,0.8137771408299104,0.6587247344721008
5,2,0.5,10,5,0.3906629681587219,1259.25537109375,0.6484953551289063,38,0.368,0.5545919473682089,0.1564339370165793,0.2543086768768697,0.7456913231231304,0.4855724025026395
5,2,0.5,10,10,0.3831804096698761,1103.0465087890625,0.5927829284569108,20,0.439,0.5396041721355892,0.1325198496215085,0.18435080635778367,0.8156491936422163,0.49592440513310465
5,2,0.5,10,20,0.3766658306121826,951.9273681640625,0.5636018787664335,12,0.4965,0.5265552869451304,0.109384950086005,0.14770827940636688,0.8522917205936331,0.49607731920825615
5,2,0.5,20,5,0.36033734679222107,1247.743896484375,0.7343082147958926,23,0.348,0.49384887432598873,0.15467164001375122,0.36206354027206167,0.6379364597279383,0.42881899135589274
5,2,0.5,20,10,0.41075390577316284,1465.0975341796875,0.6449302666993125,12,0.4105,0.5948346608233328,0.18794640951654584,0.24983200964758204,0.750167990352418,0.5109830202307655
5,2,0.5,20,20,0.2756060063838959,773.6461791992188,0.7522542010859816,7,0.412,0.32412961491870823,0.0820917999349814,0.38459824321384567,0.6154017567861543,0.34054105721328126
5,2,0.5,40,5,0.3411868214607239,1054.1851806640625,0.7506968047246092,4,0.1665,0.4554898331393498,0.12503964616966237,0.38264262685490946,0.6173573731450905,0.3992956174847009
5,2,0.5,40,10,0.5022367835044861,1766.1719970703125,0.6152689607636992,8,0.475,0.7780774394951245,0.23403803909353402,0.21258642685709697,0.7874135731429031,0.5998430172438538
5,2,0.5,40,20,0.31520381569862366,973.9208984375,0.7519324244204301,6,0.3835,0.40344514136570864,0.11275194986646071,0.38419418954665846,0.6158058104533415,0.3773343005618369
5,5,0.0,10,5,0.5519948601722717,3943.25537109375,0.6127323298986902,55,0.1915,0.8777442673877411,0.5673287455529574,0.20940118966300045,0.7905988103369995,0.745223941092566
5,5,0.0,10,10,0.6067163348197937,4562.16650390625,0.5206251406019299,41,0.2965,0.9873529211172316,0.6620781387787492,0.09374256181976799,0.906257438180232,0.8518961660254042
5,5,0.0,10,20,0.5072735548019409,2317.76025390625,0.5953362968206728,13,0.1185,0.7881662341523125,0.31848094191898746,0.18755706076187303,0.8124429392381269,0.6396967051031422
5,5,0.0,20,5,0.5297596454620361,3988.433837890625,0.6840316420005865,33,0.179,0.8332065065639755,0.5742451380508967,0.2989314496441478,0.7010685503558522,0.7028400649902414
5,5,0.0,20,10,0.5107265710830688,1453.5203857421875,0.5928344616150961,20,0.149,0.795082722940642,0.18617405847682014,0.18441551633764133,0.8155844836623587,0.5989470883599403
5,5,0.0,20,20,0.4932228624820709,2466.71630859375,0.6147269572807711,12,0.1155,0.7600223020110761,0.34128469362210023,0.21190583525941242,0.7880941647405876,0.6298003867912546
5,5,0.0,40,5,0.4218580424785614,1337.78955078125,0.7395343382691087,11,0.0785,0.6170765591447275,0.16845677111727111,0.3686259625375379,0.6313740374624621,0.47230245590815356
5,5,0.0,40,10,0.41803333163261414,1917.09716796875,0.6476235618571621,7,0.031,0.609415555682573,0.2571432437133677,0.2532139695652826,0.7467860304347174,0.5377816099435526
5,5,0.0,40,20,0.5060106515884399,3176.084716796875,0.6191486017243216,8,0.0495,0.7856366034741531,0.4498822332161309,0.21745807643685214,0.7825419235631479,0.6726869200844773
5,5,0.1,10,5,0.4816669225692749,1831.3070068359375,0.6726490045280424,41,0.2675,0.7368754291502985,0.24400958803789377,0.2846383174645329,0.7153616825354672,0.565415566574553
5,5,0.1,10,10,0.5168578028678894,2038.672607421875,0.6194004374803069,35,0.333,0.8073637527551057,0.2757552842934042,0.21777430558466904,0.782225694415331,0.6217815771546136
5,5,0.1,10,20,0.4617649018764496,1958.5440673828125,0.6673730216134853,9,0.153,0.6970111216058045,0.2634883688248311,0.2780132868987215,0.7219867131012785,0.560828734510638
5,5,0.1,20,5,0.41931968927383423,1174.595703125,0.762311005116884,20,0.178,0.6119921662395249,0.14347334906547166,0.39722653166324,0.60277346833676,0.4527463278805855
5,5,0.1,20,10,0.4226120114326477,1355.8267822265625,0.6933430961857556,15,0.2065,0.6185867801784907,0.17121809926974801,0.31062380528440037,0.6893761947155996,0.4930603580546128
5,5,0.1,20,20,0.47004517912864685,2235.369140625,0.732047624371233,8,0.1365,0.7135967499713838,0.3058676480602698,0.3592249259507704,0.6407750740492296,0.5534131573602944
5,5,0.1,40,5,0.33964964747428894,1329.661865234375,0.8364612855143785,7,0.107,0.45241083038428137,0.16721249995608367,0.4903367410881931,0.5096632589118069,0.37642886308405726
5,5,0.1,40,10,0.4724361002445221,1828.630615234375,0.7309823874546655,10,0.248,0.7183858322534776,0.24359985800261344,0.35788731223094217,0.6421126877690578,0.5346994593417163
5,5,0.1,40,20,0.4579809010028839,2253.02978515625,0.7547510687190121,7,0.1245,0.6894316613640193,0.3085713243468931,0.387733549877173,0.612266450122827,0.5367564786112464
5,5,0.5,10,5,0.37660229206085205,489.2854919433594,0.7741032057044414,28,0.42,0.5264280174386684,0.03855889004479167,0.4120339506022198,0.5879660493977802,0.3843176522937467
5,5,0.5,10,10,0.3312624394893646,437.9349365234375,0.7753008451773664,16,0.4155,0.4356110167517294,0.030697609628433445,0.413537821680547,0.586462178319453,0.35092360156653857
5,5,0.5,10,20,0.4344880282878876,498.55145263671875,0.7257905168255357,11,0.555,0.6423747761628155,0.03997742027765438,0.35136790112428007,0.6486320988757199,0.44366143177206324
5,5,0.5,20,5,0.3785151541233063,645.2201538085938,0.8841115940308415,17,0.398,0.5302595339828834,0.06243099996703472,0.5501710422040849,0.44982895779591514,0.34750649724861105
5,5,0.5,20,10,0.32264384627342224,615.7669677734375,0.9628106942147604,9,0.372,0.41834773198964115,0.05792199801595355,0.6489931863739896,0.3510068136260104,0.2757588478772017
5,5,0.5,20,20,0.4169518053531647,741.3128051757812,0.7929795985562937,8,0.486,0.607249228107757,0.07714186866497565,0.43573696132856965,0.5642630386714304,0.4162180451480543
5,5,0.5,40,5,0.3312162160873413,541.6116333007812,1.000726006635483,10,0.303,0.435518429976625,0.04656952336614238,0.6966032919727985,0.30339670802720153,0.2618282204566563
5,5,0.5,40,10,0.32457584142684937,744.4721069335938,1.1121154850711683,7,0.387,0.4222175726535319,0.07762552764071522,0.8364746128806206,0.16352538711937936,0.22112282913787548
5,5,0.5,40,20,0.43220171332359314,901.9095458984375,0.8311356454919046,6,0.4965,0.6377952229462384,0.10172769840819554,0.4836493562913149,0.5163506437086851,0.4186245216877063
5,10,0.0,10,5,0.5321030020713806,3524.352294921875,0.6051074422972209,50,0.17,0.8379003158008943,0.5031986787575243,0.19982664891131743,0.8001733510886826,0.7137574485490337
5,10,0.0,10,10,0.5793620347976685,3821.9482421875,0.5233460435875646,41,0.2425,0.9325614883488259,0.5487577807593541,0.0971591887759891,0.9028408112240109,0.7947200267773968
5,10,0.0,10,20,0.49529099464416504,2312.6240234375,0.6058014407541242,13,0.119,0.7641648289345909,0.3176946340072678,0.2006980999876514,0.7993019000123486,0.6270537876514024
5,10,0.0,20,5,0.48372599482536316,3406.094970703125,0.6977567907852774,31,0.1725,0.7409998088271132,0.4850946099822309,0.31616606387460716,0.6838339361253929,0.6366427849782457
5,10,0.0,20,10,0.3777354955673218,1502.5936279296875,0.7309759960128945,21,0.135,0.528697855953543,0.19368670395107204,0.3578792865231683,0.6421207134768316,0.4548350911271489
5,10,0.0,20,20,0.5026571154594421,2491.142578125,0.6138033402972739,12,0.125,0.7789193762301811,0.34502412258719,0.21074605312101916,0.7892539468789809,0.637732481898784
5,10,0.0,40,5,0.4600064754486084,2317.29541015625,0.6854158690505797,13,0.0985,0.6934889439839564,0.31840977877306514,0.300669617993959,0.699330382006041,0.5704097015876874
5,10,0.0,40,10,0.4360567629337311,2652.372314453125,0.7184388626484403,11,0.119,0.6455169958068817,0.3697068579221064,0.3421364584867102,0.6578635415132899,0.5576957984140927
5,10,0.0,40,20,0.5049600005149841,3095.0849609375,0.6097406015577157,8,0.0535,0.7835321198058544,0.43748194291235626,0.20564448839528526,0.7943555116047147,0.6717898581076418
5,10,0.1,10,5,0.4283120930194855,1830.8466796875,0.724080067720927,35,0.2275,0.6300042040126607,0.24393911634060567,0.34922009705007967,0.6507799029499204,0.5082410744343955
5,10,0.1,10,10,0.5061706304550171,1701.546142578125,0.5658749409733052,32,0.3245,0.7859570456461457,0.22414443696683237,0.15056255449451497,0.8494374455054851,0.619846309372821
5,10,0.1,10,20,0.5253239274024963,1635.6590576171875,0.5170666170495731,13,0.253,0.8243216384575974,0.21405775248097375,0.08927413808047273,0.9107258619195273,0.6497017509526994
5,10,0.1,20,5,0.44490665197372437,1552.6181640625,0.8040132373273465,23,0.2025,0.6632435726138348,0.20134498345793236,0.4495918572397484,0.5504081427602516,0.4716655662773396
5,10,0.1,20,10,0.5180836915969849,2299.586181640625,0.6249461143143997,18,0.305,0.809819242379313,0.3156986647416737,0.2247379897225774,0.7752620102774226,0.6335933057994697
5,10,0.1,20,20,0.524551510810852,1970.8125,0.6150237109267261,11,0.2315,0.8227744662866391,0.265366548881195,0.21227846762134517,0.7877215323786548,0.6252875158488296
5,10,0.1,40,5,0.4293951094150543,2213.7880859375,0.7391351490926192,8,0.07,0.6321735163319997,0.3025637943591396,0.368124702291132,0.631875297708868,0.5222042028000025
5,10,0.1,40,10,0.44561344385147095,2125.4599609375,0.7385926087621957,8,0.121,0.6646592966359989,0.2890416006146343,0.3674434365762025,0.6325565634237975,0.5287524868914769
5,10,0.1,40,20,0.5347921848297119,2176.747314453125,0.6333728559547537,10,0.2305,0.843286824546718,0.2968932054220636,0.23531941537191103,0.764680584628089,0.6349535381989568
5,10,0.5,10,5,0.41004806756973267,479.1263732910156,0.8704210489763294,34,0.4875,0.5934208470376634,0.03700362584451107,0.5329798797386973,0.4670201202613027,0.36581486438115907
5,10,0.5,10,10,0.38910895586013794,421.4150085449219,0.7352882095486593,15,0.444,0.5514792170000303,0.028168566169503886,0.3632941157490027,0.6367058842509973,0.4054512224735105
5,10,0.5,10,20,0.4097571074962616,662.3846435546875,0.8017272513996192,8,0.488,0.5928380458220964,0.06505871968679844,0.4467213538872031,0.553278646112797,0.4037251372072306
5,10,0.5,20,5,0.22962109744548798,267.0521240234375,1.0187308281614462,11,0.333,0.23202054817519435,0.00453708037197096,0.7192118740840804,0.2807881259159196,0.17244858482102832
5,10,0.5,20,10,0.4351232349872589,662.5045776367188,0.8088982407838432,9,0.466,0.6436471130580931,0.06507708045120723,0.4557259364696281,0.5442740635303719,0.4176660856798907
5,10,0.5,20,20,0.4097571074962616,662.3846435546875,0.8017272513996192,8,0.488,0.5928380458220964,0.06505871968679844,0.4467213538872031,0.553278646112797,0.4037251372072306
5,10,0.5,40,5,0.24176405370235443,678.0551147460938,1.2423423783613605,5,0.2905,0.2563432312933749,0.06745771941104124,1.0,0.0,0.10793365023480538
5,10,0.5,40,10,0.4351232349872589,662.5045776367188,0.8088982407838432,9,0.466,0.6436471130580931,0.06507708045120723,0.4557259364696281,0.5442740635303719,0.4176660856798907
5,10,0.5,40,20,0.4065397381782532,841.1580810546875,0.8830139053375586,6,0.468,0.586393564532639,0.09242722839505203,0.5487926789185102,0.45120732108148975,0.37667603800306027
15,2,0.0,10,5,0.5382851958274841,5985.2451171875,0.527897879106,51,0.25,0.8502834238780457,0.8799379056701105,0.1028749103635203,0.8971250896364797,0.875782139728212
15,2,0.0,10,10,0.4922131597995758,3943.114990234375,0.5318437338534296,31,0.217,0.7579998391222702,0.5673072545818937,0.10782970432955956,0.8921702956704405,0.7391591297915348
15,2,0.0,10,20,0.5615715384483337,3177.04345703125,0.48517310607755004,14,0.154,0.8969266234883575,0.45002900720459577,0.04922558438677084,0.9507744156132292,0.765910015435394
15,2,0.0,20,5,0.5397394895553589,4710.09228515625,0.5397237899256427,27,0.191,0.8531964151427431,0.684724165442055,0.1177246591056028,0.8822753408943972,0.8067319738263985
15,2,0.0,20,10,0.544845461845398,3146.6318359375,0.5044328717216161,15,0.1615,0.8634238213355806,0.44537327798455206,0.073409994789285,0.926590005210715,0.7451290348436159
15,2,0.0,20,20,0.5706944465637207,3428.812255859375,0.5040192807896946,13,0.148,0.9152000651868204,0.4885724097343708,0.07289065031639783,0.9271093496836021,0.7769606082015978
15,2,0.0,40,5,0.5474780797958374,3526.750244140625,0.5826526674682384,13,0.136,0.8686970291793101,0.5035657819188948,0.17163027830140437,0.8283697216985957,0.7335441775989335
15,2,0.0,40,10,0.5742068290710449,3794.732666015625,0.5258574764515895,12,0.1285,0.9222354661969475,0.5445913355431284,0.10031278494140519,0.8996872150585948,0.788838005599557
15,2,0.0,40,20,0.5731101036071777,3746.64599609375,0.5313816134738514,12,0.145,0.9200386942279966,0.5372297248759522,0.10724942162406724,0.8927505783759327,0.7833396658266272
15,2,0.1,10,5,0.45155924558639526,2577.573486328125,0.569767939591175,30,0.195,0.6765689048420167,0.3582558705297192,0.1554509772308525,0.8445490227691475,0.6264579327136277
15,2,0.1,10,10,0.5311265587806702,2601.064453125,0.46122738756227394,29,0.27,0.8359444724098425,0.36185211356412167,0.019157041775249288,0.9808429582247508,0.7262131813995716
15,2,0.1,10,20,0.48345234990119934,3494.93603515625,0.5904827887177164,7,0.1235,0.7404516903429038,0.498695329866223,0.18146253012099842,0.8185374698790016,0.6858948300293761
15,2,0.1,20,5,0.48287323117256165,3124.41650390625,0.627580452043095,23,0.1835,0.7392916992314731,0.44197232246981566,0.22804591703316865,0.7719540829668313,0.65107270155604
15,2,0.1,20,10,0.5287101864814758,3745.343017578125,0.4970607527229386,18,0.2395,0.8311044106912951,0.5370302512888789,0.06415285455740892,0.9358471454425911,0.7679939358075883
15,2,0.1,20,20,0.48345234990119934,3494.93603515625,0.5904827887177164,7,0.1235,0.7404516903429038,0.498695329866223,0.18146253012099842,0.8185374698790016,0.6858948300293761
15,2,0.1,40,5,0.5317395329475403,4573.94287109375,0.5545533582714544,14,0.2115,0.8371722769168365,0.6638809883095845,0.13634608854536026,0.8636539114546398,0.7882357255603535
15,2,0.1,40,10,0.4880520701408386,2871.933349609375,0.5441937055606164,11,0.171,0.7496650594314868,0.40331955892902754,0.12333751422433185,0.8766624857756682,0.6765490347120607
15,2,0.1,40,20,0.48345234990119934,3494.93603515625,0.5904827887177164,7,0.1235,0.7404516903429038,0.498695329866223,0.18146253012099842,0.8185374698790016,0.6858948300293761
15,2,0.5,10,5,0.33507218956947327,1170.34765625,0.66563301332462,30,0.337,0.44324205337887257,0.14282301359328214,0.275828365475513,0.7241716345244871,0.43674556716554724
15,2,0.5,10,10,0.21257661283016205,753.251708984375,0.7739495522123225,13,0.2975,0.19787996581273623,0.07896960100274254,0.41184100852899547,0.5881589914710046,0.28833618609549444
15,2,0.5,10,20,0.3161869943141937,1195.447265625,0.6339366712704574,13,0.385,0.40541447580200457,0.14666552446827413,0.23602739600045014,0.7639726039995498,0.43868420142327613
15,2,0.5,20,5,0.32238614559173584,1429.748291015625,0.695261327318737,14,0.274,0.41783155027182817,0.18253477743688737,0.3130325204175045,0.6869674795824955,0.4291112690970703
15,2,0.5,20,10,0.2220977395772934,833.8704833984375,0.8059722975939559,12,0.295,0.21695105063753398,0.09131156667983036,0.4520518413520441,0.5479481586479559,0.28540359198844006
15,2,0.5,20,20,0.4047275185585022,984.2650146484375,0.724158695790936,8,0.3895,0.5827636376335095,0.11433553542904314,0.34931883000194397,0.650681169998056,0.4492601143535362
15,2,0.5,40,5,0.3696459233760834,1711.88671875,0.7547295464293726,9,0.2175,0.5124942151920213,0.22572748058318795,0.3877065244244722,0.6122934755755278,0.450171723783579
15,2,0.5,40,10,0.31563979387283325,1144.0537109375,0.7990088717523218,7,0.2955,0.4043184179182571,0.13879766127404009,0.4433078954768025,0.5566921045231975,0.3666027279051649
15,2,0.5,40,20,0.38217103481292725,1403.2606201171875,0.800435061833693,6,0.3495,0.5375823658905784,0.17847976757757736,0.4450987566366579,0.5549012433633421,0.42365445894383263
15,5,0.0,10,5,0.5238497257232666,2702.77978515625,0.5902665534559961,40,0.265,0.8213687710060723,0.37742376106046843,0.18119100437091482,0.8188089956290852,0.6725338425652085
15,5,0.0,10,10,0.5179851055145264,2853.300537109375,0.5116358036311537,31,0.2525,0.8096217716816693,0.4004670529958376,0.08245468747251568,0.9175453125274843,0.7092113790683303
15,5,0.0,10,20,0.5186644792556763,3612.28369140625,0.5866376508352835,8,0.086,0.8109825764046096,0.5166601371490235,0.1766342059180161,0.8233657940819838,0.717002835878539
15,5,0.0,20,5,0.538525402545929,3017.0224609375,0.5523811003482958,23,0.229,0.8507645646951584,0.4255313184744386,0.13361839299160022,0.8663816070083998,0.7142258300593323
15,5,0.0,20,10,0.5477815866470337,4263.31689453125,0.5502560381117385,16,0.181,0.8693049619437612,0.6163271130614199,0.1309499608720422,0.8690500391279579,0.7848940380443795
15,5,0.0,20,20,0.5779578685760498,3626.3857421875,0.5421982374242208,11,0.177,0.9297489038898832,0.5188190266630816,0.12083181289610201,0.879168187103898,0.7759120392189542
15,5,0.0,40,5,0.5148144364356995,4159.00927734375,0.6220385972918799,14,0.155,0.8032708322855636,0.6003586114246301,0.22108703226938642,0.7789129677306136,0.7275141371469357
15,5,0.0,40,10,0.5457597970962524,4816.93798828125,0.619871706929976,13,0.163,0.8652552605749125,0.7010812238356772,0.21836607674074612,0.7816339232592538,0.7826568025566145
15,5,0.0,40,20,0.5186644792556763,3612.28369140625,0.5866376508352835,8,0.086,0.8109825764046096,0.5166601371490235,0.1766342059180161,0.8233657940819838,0.717002835878539
15,5,0.1,10,5,0.43381014466285706,1115.5516357421875,0.62459691763413,28,0.2125,0.6410169561843981,0.13443426532386593,0.22429950485298403,0.775700495147016,0.5170505722184267
15,5,0.1,10,10,0.504409909248352,1976.9708251953125,0.5491937069164252,27,0.3165,0.7824302715177321,0.2663093297500596,0.1296159958547282,0.8703840041452718,0.6397078684710211
15,5,0.1,10,20,0.5466817021369934,2251.5810546875,0.5549298285932703,12,0.253,0.8671018623164214,0.3083495375255154,0.13681882081715555,0.8631811791828444,0.6795441930082604
15,5,0.1,20,5,0.5057203769683838,1884.1346435546875,0.6278930359685184,15,0.188,0.7850551752410666,0.25209699551739456,0.2284384274134805,0.7715615725865195,0.6029045811149935
15,5,0.1,20,10,0.5026867389678955,2679.034423828125,0.6310476571121437,16,0.293,0.778978712951299,0.3737885726489382,0.23239967251956456,0.7676003274804355,0.6401225376935575
15,5,0.1,20,20,0.5481279492378235,2460.5615234375,0.5725545605501137,11,0.25,0.8699987359606945,0.3403424546994624,0.1589501259823319,0.8410498740176681,0.683797021559275
15,5,0.1,40,5,0.516609251499176,2532.7724609375,0.6421878563692337,11,0.1745,0.8068658973686641,0.3513972607122399,0.246388376005282,0.753611623994718,0.6372915940252073
15,5,0.1,40,10,0.5154821276664734,2373.8369140625,0.6437647736054395,11,0.2235,0.8046082366114434,0.3270657439079077,0.24836850464838148,0.7516314953516186,0.6277684919569899
15,5,0.1,40,20,0.47699543833732605,2529.792724609375,0.6904666334619234,7,0.171,0.7275183147654863,0.35094109149166103,0.3070118425894064,0.6929881574105936,0.5904825212225803
15,5,0.5,10,5,0.3680114448070526,586.2051391601562,0.8481119811012576,30,0.5135,0.5092203086195989,0.05339636392204915,0.5049664727658814,0.49503352723411864,0.35255006659192223
15,5,0.5,10,10,0.24093613028526306,349.0703125,0.8558275412807818,9,0.389,0.25468487738893353,0.01709328299886281,0.5146548707098303,0.4853451292901697,0.25237442989265535
15,5,0.5,10,20,0.24926407635211945,751.5228271484375,0.9396127930009299,5,0.2895,0.2713659877318046,0.07870492567824197,0.6198636749458424,0.3801363250541576,0.24340241282140138
15,5,0.5,20,5,0.2525687515735626,409.79718017578125,0.9499767703688479,9,0.357,0.2779853452028664,0.02638998742011993,0.6328776797214053,0.3671223202785947,0.22383255096719368
15,5,0.5,20,10,0.24093613028526306,349.0703125,0.8558275412807818,9,0.389,0.25468487738893353,0.01709328299886281,0.5146548707098303,0.4853451292901697,0.25237442989265535
15,5,0.5,20,20,0.24926407635211945,751.5228271484375,0.9396127930009299,5,0.2895,0.2713659877318046,0.07870492567824197,0.6198636749458424,0.3801363250541576,0.24340241282140138
15,5,0.5,40,5,0.25891560316085815,632.60205078125,1.0301632300782841,6,0.3155,0.29069826754981276,0.060499288704921196,0.7335674952766198,0.2664325047233802,0.20587668699270473
15,5,0.5,40,10,0.29801061749458313,961.6660766601562,1.12718943680545,4,0.29,0.36900668149985205,0.11087585349989995,0.855402913560223,0.14459708643977698,0.20815987381317633
15,5,0.5,40,20,0.3064761459827423,1010.2178344726562,1.0450095624630549,4,0.2765,0.3859633733045345,0.11830866468860031,0.7522099752528004,0.24779002474719958,0.2506873542467781
15,10,0.0,10,5,0.48172280192375183,2761.35205078125,0.6194849063438068,37,0.2,0.7369873570699121,0.3863906164514991,0.21788037279747255,0.7821196272025275,0.6351658669079795
15,10,0.0,10,10,0.5356384515762329,1999.8099365234375,0.5501284373790478,22,0.1825,0.8449819206562379,0.26980577992752275,0.1307897331442451,0.8692102668557549,0.6613326558131718
15,10,0.0,10,20,0.5851602554321289,2737.8203125,0.49729105767808324,14,0.221,0.9441754874572827,0.3827881316915876,0.06444204756504382,0.9355579524349562,0.7541738571946088
15,10,0.0,20,5,0.5315752029418945,2466.734619140625,0.6055033958883602,18,0.159,0.8368431192908367,0.34128749679223896,0.20032384624618804,0.799676153753812,0.6592689232789625
15,10,0.0,20,10,0.5594679713249207,2853.76806640625,0.5358912825778136,14,0.1545,0.8927131193400849,0.4005386272733803,0.11291219501421819,0.8870878049857818,0.7267798505330823
15,10,0.0,20,20,0.5866851210594177,3533.001220703125,0.5284158481346474,11,0.194,0.9472298362225909,0.5045227468286615,0.10352532199344895,0.896474678006551,0.782742420352601
15,10,0.0,40,5,0.5068912506103516,3137.541015625,0.7325170349905338,12,0.147,0.7874004680974835,0.4439815600740665,0.3598143629810161,0.6401856370189839,0.6238558883968446
15,10,0.0,40,10,0.5676088333129883,3611.62353515625,0.5728041273925293,11,0.1435,0.9090194950080894,0.5165590735216211,0.15926350606448772,0.8407364939355123,0.7554383541550742
15,10,0.0,40,20,0.531463623046875,3561.75537109375,0.5655931592622547,8,0.1125,0.836619621620952,0.5089247330877458,0.15020872233113838,0.8497912776688616,0.7317785441258531
15,10,0.1,10,5,0.46085983514785767,1650.5601806640625,0.6490156524041709,35,0.2855,0.6951982474774059,0.21633897233988686,0.25496201207672897,0.745037987923271,0.5521917359135212
15,10,0.1,10,10,0.49967560172080994,1322.4195556640625,0.587740890324342,22,0.2505,0.7729473203038291,0.16610377141500515,0.17801953931556289,0.8219804606844371,0.5870105174677571
15,10,0.1,10,20,0.5507120490074158,2098.16015625,0.5302866124027882,12,0.269,0.8751747605227541,0.2848622608157704,0.10587443317492462,0.8941255668250754,0.6847208627211998
15,10,0.1,20,5,0.4997609555721283,2649.51953125,0.6264720120653421,18,0.265,0.7731182864701083,0.3692701240144895,0.22665405340284514,0.7733459465971548,0.6385781190272508
15,10,0.1,20,10,0.526777446269989,2334.460205078125,0.6272781583866297,12,0.238,0.8272330776551429,0.3210375452123312,0.22766632810227813,0.7723336718977218,0.6402014315883986
15,10,0.1,20,20,0.5453199148178101,2370.79931640625,0.5701913855653259,11,0.2505,0.8643741639917137,0.32660071666969037,0.15598269664070485,0.8440173033592951,0.6783307280068996
15,10,0.1,40,5,0.5165655016899109,3027.989013671875,0.6590214612226635,15,0.2575,0.8067782652694679,0.4272101931339375,0.2675262660426164,0.7324737339573836,0.6554873974535963
15,10,0.1,40,10,0.526777446269989,2334.460205078125,0.6272781583866297,12,0.238,0.8272330776551429,0.3210375452123312,0.22766632810227813,0.7723336718977218,0.6402014315883986
15,10,0.1,40,20,0.4733525216579437,2438.946533203125,0.6922152420810619,7,0.1685,0.7202214501351417,0.33703340578967506,0.30920756341281364,0.6907924365871864,0.5826824308373344
15,10,0.5,10,5,0.2594653069972992,259.089599609375,0.8101649452031331,16,0.3905,0.29179933980435896,0.0033180938054350254,0.4573165321238501,0.5426834678761498,0.27926696716198124
15,10,0.5,10,10,0.23637992143630981,237.41552734375,0.8212937170355588,10,0.3425,0.24555866284042316,0.0,0.47129088623829096,0.528709113761709,0.2580892588673774
15,10,0.5,10,20,0.4263080358505249,718.5665283203125,0.7853001451798007,10,0.4735,0.6259900211036361,0.073659630560116,0.42609390255223917,0.5739060974477608,0.42451858303717094
15,10,0.5,20,5,0.2954516112804413,464.8803405761719,0.9106082835579501,9,0.3805,0.3638809200355603,0.034822694069261924,0.5834428288745019,0.41655717112549806,0.2717535950767734
15,10,0.5,20,10,0.18660368025302887,1011.4760131835938,1.0571995226864908,3,0.212,0.14585545091207078,0.11850127985273415,0.7675168593697796,0.23248314063022035,0.16561329046500842
15,10,0.5,20,20,0.4263080358505249,718.5665283203125,0.7853001451798007,10,0.4735,0.6259900211036361,0.073659630560116,0.42609390255223917,0.5739060974477608,0.42451858303717094
15,10,0.5,40,5,0.26555538177490234,528.7828369140625,1.0630316112270706,7,0.3925,0.30399793097509664,0.04460555695963233,0.7748401895377476,0.22515981046225242,0.1912544327989938
15,10,0.5,40,10,0.26503732800483704,845.5669555664062,0.9468566716854376,4,0.256,0.30296025469421967,0.09310218504496023,0.6289597843300255,0.37104021566997447,0.2557008851363848
15,10,0.5,40,20,0.4293791353702545,1076.2100830078125,0.8431145957733701,6,0.4275,0.6321415198707128,0.1284114487149558,0.49869127607124397,0.501308723928756,0.4206205641714748
50,2,0.0,10,5,0.4602671265602112,3469.948974609375,0.5746991789846319,32,0.219,0.694011035495925,0.4948700491436838,0.16164311474116272,0.8383568852588372,0.6757459899661487
50,2,0.0,10,10,0.513654887676239,4564.2802734375,0.49764120138551354,23,0.2415,0.8009482234875217,0.6624017367395663,0.06488172161284103,0.935118278387159,0.7994894128714156
50,2,0.0,10,20,0.5928949117660522,6329.0126953125,0.44597127302881695,17,0.3,0.9596682217683089,0.9325654441182053,0.0,1.0,0.9640778886288379
50,2,0.0,20,5,0.5064612627029419,5622.95166015625,0.571512970004762,19,0.19,0.7865391902179177,0.8244742318024362,0.15764220491591308,0.8423577950840869,0.8177904057014802
50,2,0.0,20,10,0.5474497079849243,5770.0751953125,0.5166726573069793,17,0.242,0.8686401996435916,0.846997442238063,0.08877944441321654,0.9112205555867835,0.8756193991561461
50,2,0.0,20,20,0.5964385867118835,6769.5009765625,0.4641132600352148,16,0.294,0.9667663024134197,1.0,0.022780820254424274,0.9772191797455757,0.9813284940529984
50,2,0.0,40,5,0.5244238376617432,5875.58154296875,0.5721340492533366,15,0.1815,0.8225187333759058,0.8631494580799361,0.15842209163507678,0.8415779083649232,0.8424153666069216
50,2,0.0,40,10,0.48414283990859985,2964.56640625,0.5619904522496703,10,0.1475,0.741834761259986,0.4175007966609534,0.145684817598206,0.854315182401794,0.6712169134409112
50,2,0.0,40,20,0.5935544967651367,6759.1337890625,0.507472531280339,13,0.289,0.9609893890839833,0.9984128824430427,0.07722688309471089,0.9227731169052891,0.9607251294774383
50,2,0.1,10,5,0.45464539527893066,2080.6220703125,0.579030537803889,36,0.3035,0.682750549528776,0.28217734708127573,0.16708198462262144,0.8329180153773785,0.5992819706624767
50,2,0.1,10,10,0.5046665072441101,3976.22412109375,0.5522510088993182,18,0.3075,0.7829442445245981,0.5723759468267777,0.13345503768136044,0.8665449623186395,0.7406217178900051
50,2,0.1,10,20,0.4976174235343933,3607.77734375,0.539059406891522,13,0.3225,0.7688247314737281,0.5159702582900767,0.11689039599676823,0.8831096040032318,0.7226348645890122
50,2,0.1,20,5,0.45448970794677734,3622.94775390625,0.6047290761636951,12,0.174,0.6824387034210097,0.5182927034378303,0.19935153607636866,0.8006484639236313,0.6671266235941571
50,2,0.1,20,10,0.4415603280067444,2974.28857421875,0.6450688969237915,12,0.237,0.6565407915333543,0.41898916787782303,0.25000608706394073,0.7499939129360593,0.6085079574490788
50,2,0.1,20,20,0.5157392621040344,3834.750244140625,0.5237942480712289,12,0.29,0.8051232841263377,0.5507176451935611,0.09772199734684636,0.9022780026531536,0.7527063106576841
50,2,0.1,40,5,0.45601886510849,3750.7119140625,0.6306836889335581,11,0.17,0.6855016482505443,0.5378521781491616,0.23194263913883478,0.7680573608611652,0.663803729086957
50,2,0.1,40,10,0.4618293046951294,3198.569580078125,0.6052958802621968,11,0.215,0.69714012226409,0.4533244513953097,0.20006326970746902,0.799936730292531,0.6501337679839769
50,2,0.1,40,20,0.5273729562759399,4104.56201171875,0.521105301104845,11,0.3045,0.8284259009563271,0.5920232542024566,0.09434549743571378,0.9056545025642863,0.77536788590769
50,2,0.5,10,5,0.25134214758872986,1530.52294921875,0.7520072220817893,14,0.262,0.2755284229012881,0.19796241673930615,0.38428811266975815,0.6157118873302418,0.36306757565694536
50,2,0.5,10,10,0.4042454659938812,1076.5684814453125,0.5834561784502199,3,0.165,0.5817980727803089,0.12846631609847156,0.17263924381585002,0.82736075618415,0.5125417150209768
50,2,0.5,10,20,0.49463024735450745,2312.863525390625,0.6171538168794753,2,0.043,0.7628413335181885,0.3177312994726826,0.2149532331150778,0.7850467668849221,0.6218731332919311
50,2,0.5,20,5,0.292499840259552,1713.1805419921875,0.760248941296595,12,0.259,0.35796843960988795,0.2259255525851919,0.39463720640208816,0.6053627935979118,0.3964189285976638
50,2,0.5,20,10,0.4042454659938812,1076.5684814453125,0.5834561784502199,3,0.165,0.5817980727803089,0.12846631609847156,0.17263924381585002,0.82736075618415,0.5125417150209768
50,2,0.5,20,20,0.49463024735450745,2312.863525390625,0.6171538168794753,2,0.043,0.7628413335181885,0.3177312994726826,0.2149532331150778,0.7850467668849221,0.6218731332919311
50,2,0.5,40,5,0.32730329036712646,2023.2117919921875,0.7271312779268816,10,0.27,0.4276807296387071,0.27338838086725004,0.35305148945686526,0.6469485105431347,0.44933920701636393
50,2,0.5,40,10,0.4042454659938812,1076.5684814453125,0.5834561784502199,3,0.165,0.5817980727803089,0.12846631609847156,0.17263924381585002,0.82736075618415,0.5125417150209768
50,2,0.5,40,20,0.49463024735450745,2312.863525390625,0.6171538168794753,2,0.043,0.7628413335181885,0.3177312994726826,0.2149532331150778,0.7850467668849221,0.6218731332919311
50,5,0.0,10,5,0.4624905586242676,3116.468017578125,0.6506261384970033,30,0.26,0.6984646324936302,0.4407554850003861,0.25698429299833514,0.7430157070016649,0.6274119414985604
50,5,0.0,10,10,0.5376200675964355,2351.5693359375,0.6050209835363752,19,0.254,0.8489511533127455,0.3236567900143754,0.19971808299240507,0.800281917007595,0.6576299534449053
50,5,0.0,10,20,0.6130303144454956,3746.721435546875,0.47758758434121096,11,0.2555,1.0,0.5372412739369239,0.039700475193900804,0.9602995248060991,0.8325135995810076
50,5,0.0,20,5,0.5164524912834167,4244.76025390625,0.6501810960964194,20,0.2465,0.8065519022448413,0.6134862683160072,0.25642545504250785,0.7435745449574922,0.7212042385061135
50,5,0.0,20,10,0.5698539018630981,3647.68212890625,0.5528787206502676,12,0.244,0.913516430496269,0.5220793004124548,0.1342432528071305,0.8657567471928695,0.7671174927005311
50,5,0.0,20,20,0.6130303144454956,3746.721435546875,0.47758758434121096,11,0.2555,1.0,0.5372412739369239,0.039700475193900804,0.9602995248060991,0.8325135995810076
50,5,0.0,40,5,0.5160377025604248,4440.326171875,0.6098395803202805,12,0.199,0.8057210687594103,0.6434255456707055,0.20576877563009585,0.7942312243699041,0.74779261293334
50,5,0.0,40,10,0.5698539018630981,3647.68212890625,0.5528787206502676,12,0.244,0.913516430496269,0.5220793004124548,0.1342432528071305,0.8657567471928695,0.7671174927005311
50,5,0.0,40,20,0.5114130973815918,3990.312744140625,0.683093948136764,6,0.1135,0.7964578544372928,0.5745327806827342,0.29775399122364055,0.7022460087763595,0.6910788812987955
50,5,0.1,10,5,0.47953298687934875,1347.865234375,0.6707001442909123,22,0.282,0.7326010959086465,0.16999926220561948,0.28219114148830715,0.7178088585116928,0.5401364055419863
50,5,0.1,10,10,0.49961984157562256,2003.6580810546875,0.6261665164010448,15,0.2785,0.7728356311637773,0.270394894163882,0.2262704437235742,0.7737295562764258,0.605653360534695
50,5,0.1,10,20,0.5649843215942383,2580.54296875,0.5408427525447469,11,0.285,0.9037625241745652,0.3587104699750204,0.11912973597442882,0.8808702640255712,0.7144477527250522
50,5,0.1,20,5,0.5137295722961426,2361.4443359375,0.6022647253091343,12,0.274,0.8010978188830161,0.3251685583580031,0.19625706060122983,0.8037429393987702,0.6433364388799298
50,5,0.1,20,10,0.5148754715919495,2480.183837890625,0.5934467031945927,12,0.266,0.803393087421227,0.34334644394695024,0.1851843056312219,0.8148156943687781,0.6538517419123184
50,5,0.1,20,20,0.5549513697624207,2763.3232421875,0.5884240802490437,10,0.2785,0.8836662393009967,0.38669238706083575,0.1788774181614013,0.8211225818385988,0.697160402733477
50,5,0.1,40,5,0.5338971018791199,2670.3427734375,0.6137878136407632,10,0.265,0.8414939482066237,0.37245796384747737,0.21072655636076912,0.7892734436392309,0.6677417852311106
50,5,0.1,40,10,0.5185825824737549,2765.104248046875,0.6739773760424864,10,0.228,0.8108185348456238,0.3869650420763313,0.2863063482425824,0.7136936517574176,0.6371590762264576
50,5,0.1,40,20,0.47302505373954773,2626.646240234375,0.7005371129950685,7,0.187,0.7195655226787605,0.36576844125276736,0.31965730331206776,0.6803426966879322,0.5885588868731534
50,5,0.5,10,5,0.35605597496032715,467.79937744140625,0.8149141702652504,6,0.3015,0.4852731660573062,0.03526957078083089,0.4632801149689787,0.5367198850310213,0.3524208739563861
50,5,0.5,10,10,0.24106210470199585,660.371826171875,0.8593458508515898,6,0.3425,0.2549372076909106,0.06475057653734634,0.5190727979139305,0.48092720208606954,0.2668716621047755
50,5,0.5,10,20,0.4615188539028168,1851.2489013671875,0.725679451757862,2,0.114,0.6965182805901616,0.24706250194820326,0.3512284371646637,0.6487715628353363,0.530784115124567
50,5,0.5,20,5,0.35605597496032715,467.79937744140625,0.8149141702652504,6,0.3015,0.4852731660573062,0.03526957078083089,0.4632801149689787,0.5367198850310213,0.3524208739563861
50,5,0.5,20,10,0.24106210470199585,660.371826171875,0.8593458508515898,6,0.3425,0.2549372076909106,0.06475057653734634,0.5190727979139305,0.48092720208606954,0.2668716621047755
50,5,0.5,20,20,0.4615188539028168,1851.2489013671875,0.725679451757862,2,0.114,0.6965182805901616,0.24706250194820326,0.3512284371646637,0.6487715628353363,0.530784115124567
50,5,0.5,40,5,0.4822815954685211,2114.7529296875,0.8139535103719324,2,0.194,0.7381066362660488,0.2874024562199019,0.4620738181974292,0.5379261818025708,0.5211450914295072
50,5,0.5,40,10,0.2691512405872345,827.1065673828125,0.9427182398708684,5,0.3275,0.3112005373734039,0.09027607563057687,0.623763172113864,0.376236827886136,0.25923781363003895
50,5,0.5,40,20,0.4615188539028168,1851.2489013671875,0.725679451757862,2,0.114,0.6965182805901616,0.24706250194820326,0.3512284371646637,0.6487715628353363,0.530784115124567
50,10,0.0,10,5,0.47835028171539307,1710.8126220703125,0.6523819183609967,26,0.227,0.7302321041807167,0.225563046622849,0.25918901872511824,0.7408109812748818,0.5655353773594824
50,10,0.0,10,10,0.5388122797012329,2781.625732421875,0.5922821035307206,15,0.2105,0.8513391877107322,0.38949432380472265,0.18372192250848698,0.816278077491513,0.6857038630023227
50,10,0.0,10,20,0.5716980695724487,3384.33349609375,0.4998052243694457,12,0.2695,0.9172103503179723,0.48176313571133356,0.06759907658647296,0.9324009234135271,0.777124803147611
50,10,0.0,20,5,0.5267221927642822,3063.43603515625,0.6747256812039356,14,0.183,0.827122403328229,0.43263679414213685,0.28724599202980483,0.7127540079701952,0.6575044018135203
50,10,0.0,20,10,0.44926971197128296,2958.249755859375,0.7101567617371206,8,0.1015,0.6719829045772698,0.41653377771428907,0.3317366576201767,0.6682633423798233,0.5855933415571274
50,10,0.0,20,20,0.5716980695724487,3384.33349609375,0.4998052243694457,12,0.2695,0.9172103503179723,0.48176313571133356,0.06759907658647296,0.9324009234135271,0.777124803147611
50,10,0.0,40,5,0.5366610288619995,3505.102783203125,0.6283115361161137,12,0.1935,0.8470301717377228,0.5002517620540614,0.22896393636878157,0.7710360636312185,0.7061059991410008
50,10,0.0,40,10,0.4645443260669708,3401.911376953125,0.7002067173199399,7,0.0785,0.7025783864799431,0.48445414166892975,0.31924242678915493,0.6807575732108451,0.6225967004532393
50,10,0.0,40,20,0.5840089321136475,3794.763671875,0.5468903241180392,10,0.2455,0.941869354449008,0.5445960822445634,0.12672364732153496,0.873276352678465,0.7865805964573453
50,10,0.1,10,5,0.4416419565677643,1614.4788818359375,0.7170921709367853,25,0.305,0.6567042958383259,0.21081526951808124,0.34044542311056786,0.6595545768894322,0.5090247140819464
50,10,0.1,10,10,0.5114336609840393,2462.922119140625,0.6347593973473398,17,0.331,0.7964990439117107,0.3407038393937498,0.23706048983242542,0.7629395101675746,0.633380797824345
50,10,0.1,10,20,0.5612846612930298,2484.4716796875,0.5673830411058502,11,0.291,0.8963520004727835,0.34400287164224136,0.15245626977680835,0.8475437302231916,0.6959662007794054
50,10,0.1,20,5,0.4848889410495758,2537.71630859375,0.6996945838286774,15,0.2935,0.7433292228426677,0.35215411664970186,0.31859934282009433,0.6814006571799056,0.592294665557425
50,10,0.1,20,10,0.5110357999801636,2795.536865234375,0.6674681171012029,14,0.3195,0.7957021171240614,0.3916239855981341,0.27813269792089546,0.7218673020791045,0.6363978016004334
50,10,0.1,20,20,0.5612846612930298,2484.4716796875,0.5673830411058502,11,0.291,0.8963520004727835,0.34400287164224136,0.15245626977680835,0.8475437302231916,0.6959662007794054
50,10,0.1,40,5,0.4729965329170227,2840.424560546875,0.7285776295313812,12,0.255,0.7195083946685896,0.3984958637542701,0.3548676673603763,0.6451323326396237,0.5877121970208278
50,10,0.1,40,10,0.4930616617202759,3005.981689453125,0.7124258571984692,12,0.2985,0.7596994123485746,0.42384108163197726,0.33458595168189564,0.6654140483181044,0.6163181807662187
50,10,0.1,40,20,0.5514914989471436,2932.220458984375,0.6345863666349604,9,0.3,0.8767360206878613,0.4125489405474524,0.2368432158615081,0.7631567841384919,0.6841472484579352
50,10,0.5,10,5,0.2899022400379181,481.22344970703125,0.9638597495643179,20,0.5245,0.3527653732624496,0.037324668248551636,0.6503104809650828,0.3496895190349172,0.24659318684863946
50,10,0.5,10,10,0.47641706466674805,741.4781494140625,0.6835899578628929,11,0.479,0.726359816026317,0.07716718129132853,0.29837682864555043,0.7016231713544496,0.5017167228906984
50,10,0.5,10,20,0.44660481810569763,919.2935180664062,0.7115973160324764,12,0.4865,0.6666450471671715,0.10438901879402239,0.3335455558658687,0.6664544441341314,0.47916283669844173
50,10,0.5,20,5,0.2337867170572281,517.8250122070312,0.9880803113849556,6,0.3355,0.24036440148932783,0.042928018477899545,0.6807241432118111,0.3192758567881889,0.20085609225180545
50,10,0.5,20,10,0.2785305678844452,758.14111328125,0.9763835446359913,5,0.3565,0.32998759390939003,0.07971812218099195,0.6660365601608415,0.33396343983915855,0.24788971864318016
50,10,0.5,20,20,0.46606966853141785,1086.9915771484375,0.7441178716115608,10,0.495,0.7056336903634987,0.13006199266825244,0.37438148695543866,0.6256185130445613,0.4871047320254374
50,10,0.5,40,5,0.24434567987918854,653.0223999023438,1.0910536723867836,5,0.327,0.2615143011795263,0.06362544945095615,0.8100273792437476,0.18997262075625243,0.17170412379557828
50,10,0.5,40,10,0.2785305678844452,758.14111328125,0.9763835446359913,5,0.3565,0.32998759390939003,0.07971812218099195,0.6660365601608415,0.33396343983915855,0.24788971864318016
50,10,0.5,40,20,0.3537351191043854,914.7626953125,0.8699357268020814,4,0.3195,0.4806244264626853,0.10369539303099012,0.5323704626327799,0.4676295373672201,0.35064978562029847
